,topic_id,llm_title,llm_summary
0,0,**Topic Title:** Sound Quality and Compatibility,"**Summary:** Customers extensively discuss the sound quality of musical instruments and accessories, such as headphones and speakers, emphasizing how compatibility with different devices affects performance. This insight is crucial as it highlights the importance of choosing products that not only deliver high-quality sound but also integrate seamlessly with users' existing setups, ensuring a satisfying listening experience."
1,1,### Topic Title: Customer Satisfaction and Quality Ratings,"### Summary:
Customers frequently express high satisfaction with their musical instruments, using terms like ""five stars"" and ""excellent"" to highlight superior quality and sound. This feedback is crucial as it reflects positive user experiences and can significantly influence purchasing decisions for potential buyers seeking reliable and high-quality products."
2,2,**Topic Title:** Performance Reliability,"**Summary:** Customers frequently praise the reliability and performance of the musical instruments, noting that they ""work great"" and function ""perfectly,"" which is crucial for musicians who depend on consistent sound quality. The emphasis on terms like ""great work"" and ""fine"" highlights the importance of dependable equipment in enhancing user satisfaction and ensuring successful music-making experiences."
3,3,**Topic Title:** Customer Satisfaction with Value and Quality,"**Summary:** Customers frequently praise the musical instruments for their exceptional quality and competitive pricing, often describing them as ""great products"" and ""great deals."" This feedback is crucial as it highlights the importance of value and quality in customer satisfaction, which can significantly influence purchasing decisions and brand loyalty."
4,4,**Topic Title:** Beginner Guitar Quality and Value,"**Summary:** Customers frequently discuss the quality and value of beginner guitars, highlighting features like sound, construction, and price points that make these instruments appealing for new players. Understanding these discussions is crucial for businesses as it helps them cater to the needs of novice musicians looking for reliable yet affordable options to start their musical journey."
5,5,**Topic Title:** Quality and Value Appreciation,"**Summary:** Customers frequently praise the high quality and reasonable pricing of the musical instruments, emphasizing their satisfaction with getting a good deal. This feedback is crucial as it indicates that the products meet or exceed customer expectations in terms of both performance and cost-effectiveness, which can significantly influence purchasing decisions and brand loyalty."
6,6,### Topic Title: Quality Instrument Cases and Bags,"### Summary:
Customers frequently praise the quality and fit of musical instrument cases and bags, highlighting features such as perfect fit, protection, and lightweight design that make carrying instruments convenient and secure. These attributes matter significantly as they ensure the safety and longevity of expensive instruments while offering users peace of mind during transport."
7,7,**Topic Title:** String Quality and Tone Preferences,"**Summary:** Customers extensively discuss the quality and tonal characteristics of musical instrument strings, emphasizing personal preferences for brightness or darkness in sound. This dialogue is crucial as it helps potential buyers understand the subjective nature of string quality and choose products that align with their specific musical needs and tastes."
8,8,**Topic Title:** Family Gift Satisfaction,"**Summary:** Customers express deep satisfaction when purchasing musical instruments as gifts for their children, highlighting the joy and love these gifts bring to their families. This sentiment is crucial for businesses as it underscores the emotional value of products, influencing repeat purchases and brand loyalty among family-oriented consumers."
9,9,**Topic Title:** Mic Stand Versatility and Stability,"**Summary:** Customers frequently discuss the stability and versatility of microphone stands, highlighting issues with stacking and compatibility with different microphones. This feedback is crucial as it affects the usability and adaptability of the stands in various music and recording settings, impacting customer satisfaction and product utility."
